{"logits_fake":-0.056871265172958374,"metrics/batch_gFID":954.1980590820312,"disc_weight":0.5,"metrics/avg_gFID":877.7760845947265,"_timestamp":1.737217998767572e+09,"discriminator_adv_loss":0.5006415843963623,"metrics/batch_rFID":74.0037841796875,"p_loss":0.13712191581726074,"vq_loss":0.6366521120071411,"logits_real":-0.059437572956085205,"codebook_usage":100,"_runtime":88779.183215925,"generator_adv_loss":0.028435632586479187,"_wandb":{"runtime":88779},"_step":36900,"rec_loss":0.015879301354289055,"metrics/avg_rFID":51.201239318847655,"disc_adaptive_weight":1}