{"metrics/batch_rFID":18.590789794921875,"codebook_usage":99.4873046875,"_timestamp":1.73735386769197e+09,"disc_weight":0.5,"rec_loss":0.006819870322942734,"metrics/batch_gFID":788.663330078125,"_step":22000,"discriminator_adv_loss":0.5006837248802185,"p_loss":0.15799355506896973,"logits_real":-0.08554457873106003,"disc_adaptive_weight":1,"logits_fake":-0.08329328149557114,"metrics/avg_rFID":14.514795532226563,"vq_loss":0.7554650902748108,"generator_adv_loss":0.04164664074778557,"metrics/avg_gFID":749.3202893066406,"_wandb":{"runtime":52651},"_runtime":52651.449691748}