{"generator_adv_loss":-0.053627800196409225,"metrics/avg_gFID":2340.30904296875,"_step":12600,"disc_adaptive_weight":1,"metrics/avg_rFID":40.59052978515625,"disc_weight":0.5,"_timestamp":1.7374977391766322e+09,"vq_loss":6.336182594299316,"discriminator_adv_loss":0.500365138053894,"metrics/batch_gFID":2508.42529296875,"rec_loss":0.004857636522501707,"metrics/batch_rFID":50.70599365234375,"logits_fake":0.10725560039281845,"p_loss":0.08452237397432327,"_wandb":{"runtime":27306},"_runtime":27306.764517173,"logits_real":0.10579558461904526,"codebook_usage":100,"metrics/batch_continuous_mean":0.9961910247802734,"metrics/batch_discrete_mean":0.0038089100271463394}