{"codebook_usage":100,"disc_adaptive_weight":1,"discriminator_adv_loss":0,"_step":150,"metrics/batch_continuous_mean":0.5735030174255371,"logits_fake":-1.5132282972335815,"_wandb":{"runtime":568},"generator_adv_loss":0,"metrics/avg_gFID":3498.7811669921875,"metrics/batch_rFID":416.011474609375,"p_loss":0.09714796394109726,"_runtime":568.133804659,"vq_loss":6.564390182495117,"_timestamp":1.737436243180092e+09,"rec_loss":0.00876977201551199,"metrics/avg_rFID":428.097939453125,"logits_real":-1.5138856172561646,"metrics/batch_gFID":3355.182373046875,"disc_weight":0,"metrics/batch_discrete_mean":0.4264969825744629}