{"generator_adv_loss":-0.009449101984500885,"logits_real":0.017067326232790947,"_step":600,"logits_fake":0.01889820396900177,"codebook_usage":100,"rec_loss":0.011291153728961945,"disc_weight":0.5,"_timestamp":1.7368298074070454e+09,"_wandb":{"runtime":756},"discriminator_adv_loss":0.5007436275482178,"p_loss":0.09478747844696045,"disc_adaptive_weight":1,"vq_loss":0.5958265662193298,"_runtime":756.960504908}