{"rec_loss":0.01043235044926405,"_runtime":2312.911337631,"disc_adaptive_weight":1,"p_loss":0.10698270052671432,"_timestamp":1.737433797526989e+09,"metrics/batch_continuous_mean":0.6837115287780762,"metrics/batch_rFID":412.16162109375,"metrics/batch_gFID":3309.51904296875,"vq_loss":7.341170310974121,"_step":700,"metrics/batch_discrete_mean":0.3162885904312134,"codebook_usage":99.8046875,"disc_weight":0,"logits_real":-1.5118528604507446,"logits_fake":-1.5115517377853394,"discriminator_adv_loss":0,"generator_adv_loss":0,"metrics/avg_rFID":403.855205078125,"_wandb":{"runtime":2312},"metrics/avg_gFID":3483.108251953125}