{"disc_weight":0.5,"metrics/batch_continuous_mean":0.5,"codebook_usage":100,"p_loss":0.10902504622936249,"vq_loss":7.221079349517822,"generator_adv_loss":-0.05535416677594185,"metrics/avg_gFID":3774.870476074219,"metrics/batch_gFID":3684.8994140625,"_step":9800,"_timestamp":1.7374295691663098e+09,"rec_loss":0.013943037949502468,"disc_adaptive_weight":1,"discriminator_adv_loss":0.5003570914268494,"metrics/avg_rFID":450.3018994140625,"logits_real":0.10928008705377579,"_wandb":{"runtime":30917},"_runtime":30917.249699047,"metrics/batch_discrete_mean":0.5,"metrics/batch_rFID":458.93115234375,"logits_fake":0.1107083335518837}